scan,charge,exp_neutral_mass,calc_neutral_mass,xcorr,ions_matched,ions_total,matched_total_ratio,peptide
71120,3,4117.460441,4117.448321,9.122,60,140,0.428571,LAADEDDDDDDEEDDDEDDDDDDFDDEEAEEKAPVK
102968,4,4035.890536,4035.887502,8.7782,88,222,0.396396,GILGYTEHQVVSSDFNSDTHSSTFDAGAGIALNDHFVK
70466,3,4117.462051,4117.448321,8.1641,57,140,0.407143,LAADEDDDDDDEEDDDEDDDDDDFDDEEAEEKAPVK
102326,4,4035.88134,4035.887502,8.1029,84,222,0.378378,GILGYTEHQVVSSDFNSDTHSSTFDAGAGIALNDHFVK
113974,4,3922.008947,3922.007224,8.077,67,198,0.338384,LHEEEIQELQAQIQEQHVQIDVDVSKPDLTAALR
121180,4,3807.926974,3807.921386,7.832,78,252,0.309524,ALANVNIGSLI[carb]CNVGAGGPAPAAGAAPAGGPAPSTAAAPAEEK
103621,4,4035.886638,4035.887502,7.8043,78,222,0.351351,GILGYTEHQVVSSDFNSDTHSSTFDAGAGIALNDHFVK
114319,5,4384.120501,4384.119117,7.6426,73,240,0.304167,NDPPMEAAGFTAQVIILNHPGQISAGYAPVLD[carb]CHTAHIA[carb]CK
131926,3,2594.354263,2594.352658,7.6277,59,92,0.641304,VIHDNFGIVEGLMTTVHAITATQK
131364,3,2594.357125,2594.352658,7.6136,56,92,0.608696,VIHDNFGIVEGLMTTVHAITATQK
124639,4,4856.267571,4856.257045,7.5828,64,276,0.231884,TEGNIDDSLIGGNASAEGPEGEGTESTVITGVDIVMNHHLQETSFTK
87329,4,3518.614305,3518.617433,7.5805,60,192,0.3125,GLTEGLHGFHVHEFGDNTAG[carb]CTSAGPHFNPLSR
107790,3,2364.23228,2364.232526,7.3864,50,84,0.595238,LTLYDIAHTPGVAADLSHIETK
109915,5,4400.118818,4400.114031,7.2769,68,240,0.283333,NDPP[oxid]MEAAGFTAQVIILNHPGQISAGYAPVLD[carb]CHTAHIA[carb]CK
71778,3,4117.452423,4117.448321,7.2221,51,140,0.364286,LAADEDDDDDDEEDDDEDDDDDDFDDEEAEEKAPVK
14968,4,2980.195301,2980.195258,7.0931,55,204,0.269608,TDNAGDQHGGGGGGGGGAGAAGGGGGGENYDDPHK
114346,3,2610.352213,2610.347572,7.0777,58,92,0.630435,VIHDNFGIVEGL[oxid]MTTVHAITATQK
103440,4,3470.708677,3470.710648,7.0511,64,186,0.344086,WSGPLSLQEVDEQPQHPLHVTYAGAAVDELGK
100440,3,2832.355643,2832.352594,7.0057,53,112,0.473214,GSGDPSSSSSSGNPLVYLDVDANGKPLGR
